ngram,year,frequency
equity,1800,2.146146107406821e-05
equity,1801,1.459835038986057e-05
equity,1802,1.7965414372156374e-05
equity,1803,1.3999042494106106e-05
equity,1804,1.7435055269743316e-05
equity,1805,2.0084007701370865e-05
equity,1806,1.965599767572712e-05
equity,1807,2.2260897821979597e-05
equity,1808,1.721402077237144e-05
equity,1809,2.140872493328061e-05
equity,1810,1.613639688002877e-05
equity,1811,2.284152651554905e-05
equity,1812,2.1834006474819034e-05
equity,1813,2.3013126337900758e-05
equity,1814,2.0990957636968233e-05
equity,1815,1.6343637980753556e-05
equity,1816,2.482296258676797e-05
equity,1817,2.4772405595285818e-05
equity,1818,2.741555181273725e-05
equity,1819,2.50493594649015e-05
equity,1820,1.9936975149903446e-05
equity,1821,2.5731607820489444e-05
equity,1822,2.763398879324086e-05
equity,1823,2.5835734049906023e-05
equity,1824,2.824362672981806e-05
equity,1825,2.1232797735137865e-05
equity,1826,2.991014116560109e-05
equity,1827,3.05085486616008e-05
equity,1828,3.281148019596003e-05
equity,1829,2.3603901354363188e-05
equity,1830,2.3637558115296997e-05
equity,1831,2.836136263795197e-05
equity,1832,4.245515083312057e-05
equity,1833,2.2076057575759478e-05
equity,1834,2.301019230799284e-05
equity,1835,2.1724692487623543e-05
equity,1836,2.637844590935856e-05
equity,1837,2.8791984732379206e-05
equity,1838,2.277140629303176e-05
equity,1839,2.6272464310750365e-05
equity,1840,2.6066933060064912e-05
equity,1841,2.5037439627340063e-05
equity,1842,2.0451212549232878e-05
equity,1843,2.6451383746461943e-05
equity,1844,2.6244822947774082e-05
equity,1845,2.5734480004757643e-05
equity,1846,3.219027348677628e-05
equity,1847,2.7750547815230675e-05
equity,1848,2.5402441679034382e-05
equity,1849,2.6712816179497167e-05
equity,1850,2.6854706447920762e-05
equity,1851,2.813030187098775e-05
equity,1852,2.5822653697105125e-05
equity,1853,2.625983142934274e-05
equity,1854,2.4369162929360755e-05
equity,1855,2.5999770514317788e-05
equity,1856,2.5580056899343617e-05
equity,1857,2.434007910778746e-05
equity,1858,2.6651619918993674e-05
equity,1859,2.8586255211848766e-05
equity,1860,2.846297138603404e-05
equity,1861,2.3739847165415995e-05
equity,1862,2.0505542124737985e-05
equity,1863,2.2209940652828664e-05
equity,1864,2.357691846555099e-05
equity,1865,2.0423811292857863e-05
equity,1866,2.6291112590115517e-05
equity,1867,2.4544611733290367e-05
equity,1868,2.306724309164565e-05
equity,1869,2.4585284336353652e-05
equity,1870,2.8753223887179047e-05
equity,1871,2.740199488471262e-05
equity,1872,2.7048125048168004e-05
equity,1873,3.3270967833232135e-05
equity,1874,2.8416592613211833e-05
equity,1875,2.810921250784304e-05
equity,1876,2.773346750473138e-05
equity,1877,3.527886656229384e-05
equity,1878,3.3687079849187285e-05
equity,1879,3.312565604574047e-05
equity,1880,3.100377580267377e-05
equity,1881,3.220434518880211e-05
equity,1882,3.373578510945663e-05
equity,1883,3.3684777008602396e-05
equity,1884,3.471710442681797e-05
equity,1885,3.281314275227487e-05
equity,1886,4.351369716459885e-05
equity,1887,3.927284706151113e-05
equity,1888,3.803555591730401e-05
equity,1889,3.133048812742345e-05
equity,1890,3.0396231522900052e-05
equity,1891,2.8102154828957282e-05
equity,1892,3.09429487970192e-05
equity,1893,2.9339938919292763e-05
equity,1894,3.188328264513984e-05
equity,1895,3.481827661744319e-05
equity,1896,3.073110929108225e-05
equity,1897,3.03004799206974e-05
equity,1898,3.065277633140795e-05
equity,1899,2.8273521820665337e-05
equity,1900,2.719677831919398e-05
equity,1901,3.154267687932588e-05
equity,1902,2.7261992727289908e-05
equity,1903,2.9781675038975663e-05
equity,1904,2.9956574508105405e-05
equity,1905,3.376652966835536e-05
equity,1906,3.3062391594285145e-05
equity,1907,2.8610991648747586e-05
equity,1908,2.7452691938378848e-05
equity,1909,2.6136964152101427e-05
equity,1910,3.1667714210925624e-05
equity,1911,2.7851514460053295e-05
equity,1912,2.875143036362715e-05
equity,1913,2.349090027564671e-05
equity,1914,2.7701535145752132e-05
equity,1915,2.888781818910502e-05
equity,1916,2.5866780561045744e-05
equity,1917,2.571022923802957e-05
equity,1918,2.6735995561466552e-05
equity,1919,2.276115628774278e-05
equity,1920,2.3818964109523222e-05
equity,1921,2.282634341099765e-05
equity,1922,2.269086689921096e-05
equity,1923,2.2332567823468708e-05
equity,1924,2.1453879526234232e-05
equity,1925,1.9162169337505475e-05
equity,1926,2.309163028257899e-05
equity,1927,1.8566444850875996e-05
equity,1928,2.4988958102767356e-05
equity,1929,1.891158171929419e-05
equity,1930,1.7826729163061827e-05
equity,1931,2.0642151866923086e-05
equity,1932,2.2400485249818303e-05
equity,1933,2.0611545551219024e-05
equity,1934,2.140679134754464e-05
equity,1935,2.111235517077148e-05
equity,1936,2.3782733478583395e-05
equity,1937,2.1128025764483027e-05
equity,1938,2.2051821360946633e-05
equity,1939,2.1773108528577723e-05
equity,1940,2.201257666456513e-05
equity,1941,2.575757935119327e-05
equity,1942,1.8751050447463058e-05
equity,1943,1.9229961253586225e-05
equity,1944,1.479728234698996e-05
equity,1945,1.5080950106494129e-05
equity,1946,1.698039341135882e-05
equity,1947,1.535265619168058e-05
equity,1948,1.6106339899124578e-05
equity,1949,1.5951180103002116e-05
equity,1950,1.4924176866770722e-05
equity,1951,1.3900282283429988e-05
equity,1952,1.610605977475643e-05
equity,1953,1.3462463357427623e-05
equity,1954,1.475825411034748e-05
equity,1955,1.4095306141825859e-05
equity,1956,1.3303500054462347e-05
equity,1957,1.53523069457151e-05
equity,1958,1.4711463336425368e-05
equity,1959,1.531627458462026e-05
equity,1960,1.6715524907340296e-05
equity,1961,1.509175399405649e-05
equity,1962,1.3643360944115557e-05
equity,1963,1.4306127013696823e-05
equity,1964,1.3614184354082681e-05
equity,1965,1.2525287274911534e-05
equity,1966,1.3687297723663505e-05
equity,1967,1.5098625226528384e-05
equity,1968,1.403073656547349e-05
equity,1969,1.5631618225597776e-05
equity,1970,1.5576133591821417e-05
equity,1971,1.7257520084967837e-05
equity,1972,1.7451990061090328e-05
equity,1973,1.9627615984063596e-05
equity,1974,2.0222823877702467e-05
equity,1975,2.230536483693868e-05
equity,1976,2.199599657615181e-05
equity,1977,2.244674578832928e-05
equity,1978,2.3110835172701627e-05
equity,1979,2.2606698621530086e-05
equity,1980,2.3700971723883413e-05
equity,1981,2.4357754227821715e-05
equity,1982,2.470122853992507e-05
equity,1983,2.5934568839147687e-05
equity,1984,2.5989847927121446e-05
equity,1985,2.598754690552596e-05
equity,1986,2.6750649340101518e-05
equity,1987,2.7093801691080444e-05
equity,1988,2.9120594263076782e-05
equity,1989,2.8166006813989952e-05
equity,1990,2.865379246941302e-05
equity,1991,2.905670589825604e-05
equity,1992,2.9760642064502463e-05
equity,1993,2.994962596858386e-05
equity,1994,2.8950194973731413e-05
equity,1995,2.9094042474753223e-05
equity,1996,2.7923575544264168e-05
equity,1997,2.995801332872361e-05
equity,1998,2.8378190108924173e-05
equity,1999,2.939267869805917e-05
equity,2000,2.8496424420154653e-05
equity,2001,2.9311593607417308e-05
equity,2002,2.921348095696885e-05
equity,2003,2.8716933229588903e-05
equity,2004,2.8468250093283132e-05
equity,2005,2.954747833427973e-05
equity,2006,2.910351031459868e-05
equity,2007,3.092948827543296e-05
equity,2008,3.0306453481898643e-05
equity,2009,2.734427835093811e-05
equity,2010,2.5348188501084223e-05
equity,2011,2.286120979988482e-05
equity,2012,2.087298344122246e-05
equity,2013,2.0056078938068822e-05
equity,2014,1.893447551992722e-05
equity,2015,2.1167579689063132e-05
equity,2016,2.157112794520799e-05
equity,2017,1.8845536033040844e-05
equity,2018,1.635027365409769e-05
equity,2019,1.9081184291280806e-05
equality,1800,1.2540351235656999e-05
equality,1801,1.6668205716996454e-05
equality,1802,1.4857632777420804e-05
equality,1803,1.251499452337157e-05
equality,1804,1.4607222510676365e-05
equality,1805,1.4528921383316629e-05
equality,1806,1.4105635273153894e-05
equality,1807,1.33599560285802e-05
equality,1808,1.0390216630185023e-05
equality,1809,1.2097042599634733e-05
equality,1810,9.898883945425041e-06
equality,1811,9.970925930247176e-06
equality,1812,1.0201445547863841e-05
equality,1813,1.124035225075204e-05
equality,1814,1.2042646631016396e-05
equality,1815,1.1006599379470572e-05
equality,1816,1.0334641046938486e-05
equality,1817,1.5807474483153783e-05
equality,1818,1.3256212696433067e-05
equality,1819,1.1871722563228104e-05
equality,1820,1.1621305930020753e-05
equality,1821,1.1360657481418457e-05
equality,1822,1.2008465091639664e-05
equality,1823,1.2865246389992535e-05
equality,1824,1.1542758329596836e-05
equality,1825,1.3155758097127546e-05
equality,1826,1.3988546925247647e-05
equality,1827,1.250535024155397e-05
equality,1828,1.3028869034314994e-05
equality,1829,1.3496593965101056e-05
equality,1830,1.2392662938509602e-05
equality,1831,1.2342208719928749e-05
equality,1832,1.3835248864779714e-05
equality,1833,1.354410960630048e-05
equality,1834,1.2265253644727636e-05
equality,1835,1.3005132132093422e-05
equality,1836,1.654390143812634e-05
equality,1837,1.3019768630329054e-05
equality,1838,1.2667464034166187e-05
equality,1839,1.3239216059446335e-05
equality,1840,1.4661904970125761e-05
equality,1841,1.3555223631556146e-05
equality,1842,1.2545086065074429e-05
equality,1843,1.3910085726820398e-05
equality,1844,1.1975688721577171e-05
equality,1845,1.3634152310260106e-05
equality,1846,1.1791808901762124e-05
equality,1847,1.1385008292563725e-05
equality,1848,1.466684443585109e-05
equality,1849,1.3604996638605371e-05
equality,1850,1.3408050108409952e-05
equality,1851,1.2487384083215147e-05
equality,1852,1.2867878467659466e-05
equality,1853,1.3406214748101775e-05
equality,1854,1.3019831385463476e-05
equality,1855,1.2443151717889123e-05
equality,1856,1.3787596799375024e-05
equality,1857,1.2084135960321873e-05
equality,1858,1.1576636097743176e-05
equality,1859,1.1437285138526931e-05
equality,1860,1.3171304999559652e-05
equality,1861,1.2255608453415334e-05
equality,1862,1.1640194315987173e-05
equality,1863,1.3118117749399971e-05
equality,1864,1.2572749255923554e-05
equality,1865,1.176831210614182e-05
equality,1866,1.3145723642082885e-05
equality,1867,1.193555181089323e-05
equality,1868,1.4004116565047298e-05
equality,1869,1.4708744856761768e-05
equality,1870,1.2246497135492973e-05
equality,1871,1.1776559404097497e-05
equality,1872,1.2932036042911932e-05
equality,1873,1.2286544006201439e-05
equality,1874,1.166578022093745e-05
equality,1875,1.0457715688971803e-05
equality,1876,1.0669323273759801e-05
equality,1877,1.0575759006314911e-05
equality,1878,1.1185595212737098e-05
equality,1879,1.0331543307984248e-05
equality,1880,1.0449745786900166e-05
equality,1881,1.0890397788898554e-05
equality,1882,9.784910616872367e-06
equality,1883,9.978082744055428e-06
equality,1884,1.0418445526738651e-05
equality,1885,1.0097852282342501e-05
equality,1886,1.0772290806926321e-05
equality,1887,9.453529855818488e-06
equality,1888,1.0190653483732603e-05
equality,1889,1.04690516309347e-05
equality,1890,1.0942195331153926e-05
equality,1891,9.899349606712349e-06
equality,1892,1.0276943612552714e-05
equality,1893,1.0252520041831303e-05
equality,1894,1.1182853086211253e-05
equality,1895,1.0183671292907093e-05
equality,1896,9.653294000599999e-06
equality,1897,9.861546459433157e-06
equality,1898,9.828965630731545e-06
equality,1899,9.910587323247455e-06
equality,1900,1.0421447768749204e-05
equality,1901,9.963111551769543e-06
equality,1902,9.705225238576531e-06
equality,1903,9.736767424328718e-06
equality,1904,9.308168955612928e-06
equality,1905,8.975481250672601e-06
equality,1906,9.118832167587243e-06
equality,1907,9.079183655558154e-06
equality,1908,9.637221410230268e-06
equality,1909,8.867916221788619e-06
equality,1910,9.182846042676829e-06
equality,1911,8.739210898056626e-06
equality,1912,9.549081369186752e-06
equality,1913,9.394605513080023e-06
equality,1914,9.534948731015902e-06
equality,1915,8.070184776443057e-06
equality,1916,8.516469279129524e-06
equality,1917,8.989740308606997e-06
equality,1918,1.0422968443890568e-05
equality,1919,1.081878235709155e-05
equality,1920,1.0983058928104583e-05
equality,1921,1.0426938388263807e-05
equality,1922,9.71242661762517e-06
equality,1923,9.979542483051773e-06
equality,1924,1.1245458154007792e-05
equality,1925,1.0336102604924235e-05
equality,1926,1.0826350262505002e-05
equality,1927,1.0677923455659766e-05
equality,1928,1.0810039384523407e-05
equality,1929,1.1789050404331647e-05
equality,1930,1.1051079127355479e-05
equality,1931,1.0693178410292603e-05
equality,1932,1.1556014214875177e-05
equality,1933,1.1640962839010172e-05
equality,1934,1.2210731256345753e-05
equality,1935,1.2046777555951849e-05
equality,1936,1.1494455065985676e-05
equality,1937,1.1596681360970251e-05
equality,1938,1.1440079106250778e-05
equality,1939,1.1198510946996976e-05
equality,1940,1.0982173989759758e-05
equality,1941,1.1180722140124999e-05
equality,1942,1.2552513908303808e-05
equality,1943,1.410388449585298e-05
equality,1944,1.3397669135883916e-05
equality,1945,1.4149887647363357e-05
equality,1946,1.3062522157269996e-05
equality,1947,1.4031569662620313e-05
equality,1948,1.2578233508975245e-05
equality,1949,1.1602438462432474e-05
equality,1950,1.2188848813821096e-05
equality,1951,1.1991905012109783e-05
equality,1952,1.2803327081201132e-05
equality,1953,1.1829059076262638e-05
equality,1954,1.1251549949520268e-05
equality,1955,1.1688322047120892e-05
equality,1956,1.2622257600014564e-05
equality,1957,1.1530793017300311e-05
equality,1958,1.1968295439146459e-05
equality,1959,1.2658443665714003e-05
equality,1960,1.2853169209847692e-05
equality,1961,1.3240796761238016e-05
equality,1962,1.400591827405151e-05
equality,1963,1.4880666640237905e-05
equality,1964,1.5197764696495142e-05
equality,1965,1.4855899280519225e-05
equality,1966,1.4740444385097362e-05
equality,1967,1.4951944649510551e-05
equality,1968,1.589911880728323e-05
equality,1969,1.6579573639319278e-05
equality,1970,1.6338404748239554e-05
equality,1971,1.632311978028156e-05
equality,1972,1.6047242752392776e-05
equality,1973,1.5655476090614684e-05
equality,1974,1.568550396768842e-05
equality,1975,1.638009780435823e-05
equality,1976,1.5472784070880152e-05
equality,1977,1.5711717423982918e-05
equality,1978,1.539348522783257e-05
equality,1979,1.5153751519392245e-05
equality,1980,1.4892363651597407e-05
equality,1981,1.4594260392186698e-05
equality,1982,1.4571553037967533e-05
equality,1983,1.5161048395384569e-05
equality,1984,1.4568474398402032e-05
equality,1985,1.4892858416715171e-05
equality,1986,1.4773699149372987e-05
equality,1987,1.5034132047730964e-05
equality,1988,1.4707199625263456e-05
equality,1989,1.4890299098624382e-05
equality,1990,1.5101732969924342e-05
equality,1991,1.562009856570512e-05
equality,1992,1.5775491192471236e-05
equality,1993,1.607679223525338e-05
equality,1994,1.6536669136257842e-05
equality,1995,1.7252208635909483e-05
equality,1996,1.8093565813614987e-05
equality,1997,1.7955160728888586e-05
equality,1998,1.848764077294618e-05
equality,1999,1.8891012587118894e-05
equality,2000,1.9278630134067498e-05
equality,2001,1.891925603558775e-05
equality,2002,1.9964285456808284e-05
equality,2003,1.968535616470035e-05
equality,2004,1.963177783181891e-05
equality,2005,2.084319021378178e-05
equality,2006,2.0719655367429368e-05
equality,2007,2.0666559066739865e-05
equality,2008,2.000133645196911e-05
equality,2009,2.0287756342440844e-05
equality,2010,1.935703221533913e-05
equality,2011,1.7619098798604682e-05
equality,2012,1.795874413801357e-05
equality,2013,2.0908059013891034e-05
equality,2014,1.8320059098186903e-05
equality,2015,1.956196501851082e-05
equality,2016,2.3013903046376072e-05
equality,2017,2.1594327336060815e-05
equality,2018,2.1186238882364705e-05
equality,2019,2.0610175852198154e-05
social justice,1800,1.5141754516889705e-08
social justice,1801,3.479360444202939e-08
social justice,1802,1.1245159470263388e-07
social justice,1803,5.509292133609733e-09
social justice,1804,1.2391054404758961e-08
social justice,1805,2.6102783934334184e-08
social justice,1806,1.4068850084925089e-08
social justice,1807,1.2217796552249638e-08
social justice,1808,1.560700901848122e-08
social justice,1809,3.457825359376443e-09
social justice,1810,3.357357414301987e-08
social justice,1811,6.2910432419016615e-09
social justice,1812,3.2669689176145766e-08
social justice,1813,8.730698830561323e-09
social justice,1814,1.8821406655433748e-08
social justice,1815,6.391696949492598e-09
social justice,1816,2.594975789804721e-09
social justice,1817,8.388862049457657e-09
social justice,1818,3.738326270763537e-08
social justice,1819,2.0333539296757408e-08
social justice,1820,1.9468803458266848e-08
social justice,1821,1.3155645461893073e-08
social justice,1822,1.2055938469757166e-08
social justice,1823,3.350671207158484e-08
social justice,1824,1.7169725197163643e-08
social justice,1825,1.4168491269117567e-08
social justice,1826,9.394272915130841e-09
social justice,1827,3.31685328092135e-08
social justice,1828,2.7091997978345717e-08
social justice,1829,1.9028149722544185e-08
social justice,1830,2.0292764801865815e-08
social justice,1831,3.250076119343248e-08
social justice,1832,3.0598396705272535e-08
social justice,1833,9.568307923757402e-09
social justice,1834,3.109899893161128e-08
social justice,1835,2.7352994536045117e-08
social justice,1836,4.031845080021412e-08
social justice,1837,1.8886723296418495e-08
social justice,1838,2.355339567827741e-08
social justice,1839,1.8590204931001608e-08
social justice,1840,4.4549388178438676e-08
social justice,1841,4.0361808117950204e-08
social justice,1842,2.6879405368163134e-08
social justice,1843,5.159926885767163e-08
social justice,1844,3.0440713061352653e-08
social justice,1845,4.5540623716533446e-08
social justice,1846,3.115219371352396e-08
social justice,1847,4.648028451015307e-08
social justice,1848,6.252852813304344e-08
social justice,1849,3.972152384790206e-08
social justice,1850,3.524777270058621e-08
social justice,1851,3.509946822077836e-08
social justice,1852,3.9172626031813707e-08
social justice,1853,4.125451980030448e-08
social justice,1854,3.9712748645115425e-08
social justice,1855,2.40054660594069e-08
social justice,1856,2.579151114900924e-08
social justice,1857,2.7316888306927467e-08
social justice,1858,2.6646210571357187e-08
social justice,1859,2.0562822555802995e-08
social justice,1860,2.729561465741881e-08
social justice,1861,3.5002340581513636e-08
social justice,1862,3.5775322260178655e-08
social justice,1863,4.3181977105177793e-08
social justice,1864,5.0145384733468745e-08
social justice,1865,4.3894978318803624e-08
social justice,1866,3.123061986798348e-08
social justice,1867,3.802509240813379e-08
social justice,1868,3.925024572026814e-08
social justice,1869,6.050161971415946e-08
social justice,1870,3.949924831658791e-08
social justice,1871,6.726101275944529e-08
social justice,1872,1.7147829822761196e-08
social justice,1873,3.2675913530511025e-08
social justice,1874,2.0018349644601585e-08
social justice,1875,2.3491127265629075e-08
social justice,1876,1.8727462247625226e-08
social justice,1877,3.656347402625215e-08
social justice,1878,2.6199574065799425e-08
social justice,1879,1.8139274970963015e-08
social justice,1880,5.4020553363898216e-08
social justice,1881,3.529948955360851e-08
social justice,1882,2.2788498199588503e-08
social justice,1883,3.9430041454124876e-08
social justice,1884,3.679070204043455e-08
social justice,1885,4.533958986030484e-08
social justice,1886,1.1359438900626628e-07
social justice,1887,3.412687377135626e-08
social justice,1888,4.907816730792547e-08
social justice,1889,4.05815292481293e-08
social justice,1890,8.246782812193487e-08
social justice,1891,6.739396951616072e-08
social justice,1892,6.340960112538596e-08
social justice,1893,6.87136534338606e-08
social justice,1894,5.743490660847783e-08
social justice,1895,6.324667367607617e-08
social justice,1896,6.905007410296093e-08
social justice,1897,6.847309919066902e-08
social justice,1898,6.732565793754475e-08
social justice,1899,1.0099437730559657e-07
social justice,1900,1.3168663315354934e-07
social justice,1901,1.417352422095064e-07
social justice,1902,8.535192108638512e-08
social justice,1903,9.299006364926754e-08
social justice,1904,8.785176675019102e-08
social justice,1905,1.0461035770958915e-07
social justice,1906,1.0802066441328861e-07
social justice,1907,1.8512847077545302e-07
social justice,1908,1.829482982884656e-07
social justice,1909,1.947022099102469e-07
social justice,1910,2.499940592315397e-07
social justice,1911,2.1793319149310264e-07
social justice,1912,5.646205636367085e-07
social justice,1913,5.90443960390985e-07
social justice,1914,5.224488290878071e-07
social justice,1915,5.261399564915337e-07
social justice,1916,5.972963776912366e-07
social justice,1917,5.049969331594184e-07
social justice,1918,5.735333274969889e-07
social justice,1919,6.623872650379781e-07
social justice,1920,5.591028298113088e-07
social justice,1921,4.880811843577249e-07
social justice,1922,4.5987692942617286e-07
social justice,1923,4.594305949012778e-07
social justice,1924,4.744294983538566e-07
social justice,1925,4.4676079369310173e-07
social justice,1926,4.4896498252455785e-07
social justice,1927,5.873520763088891e-07
social justice,1928,4.657451881939778e-07
social justice,1929,5.135058245286928e-07
social justice,1930,6.681549962195277e-07
social justice,1931,6.724351919729088e-07
social justice,1932,7.931000141070399e-07
social justice,1933,9.913142093864735e-07
social justice,1934,1.1803304005297832e-06
social justice,1935,1.2151174360042205e-06
social justice,1936,1.2661671462410595e-06
social justice,1937,1.2059894061167142e-06
social justice,1938,1.2032481890855706e-06
social justice,1939,1.1309119827274117e-06
social justice,1940,1.0324832828700892e-06
social justice,1941,1.1353857871654327e-06
social justice,1942,1.0368388529968797e-06
social justice,1943,1.004434125206899e-06
social justice,1944,1.077854108189058e-06
social justice,1945,9.591360594640719e-07
social justice,1946,9.738621429278282e-07
social justice,1947,9.65109848038992e-07
social justice,1948,1.1168012861162424e-06
social justice,1949,1.0400301562185632e-06
social justice,1950,1.0946869224426337e-06
social justice,1951,1.0965817409669398e-06
social justice,1952,1.0114019914908567e-06
social justice,1953,1.092714342121326e-06
social justice,1954,9.757393399922876e-07
social justice,1955,1.052442144100496e-06
social justice,1956,1.0865830972761614e-06
social justice,1957,9.304514492214366e-07
social justice,1958,1.0350095180911012e-06
social justice,1959,1.054652784659993e-06
social justice,1960,1.2547978940347093e-06
social justice,1961,1.4899247844368801e-06
social justice,1962,1.5438461105077295e-06
social justice,1963,1.4965260106691858e-06
social justice,1964,1.6427007949459949e-06
social justice,1965,1.5820171483937884e-06
social justice,1966,1.6644459037706838e-06
social justice,1967,1.5415525922435336e-06
social justice,1968,1.6203715631490923e-06
social justice,1969,1.6818119092931738e-06
social justice,1970,1.8681629398997757e-06
social justice,1971,1.9306266949570272e-06
social justice,1972,1.985522658287664e-06
social justice,1973,1.9428548512223642e-06
social justice,1974,1.9283734218333848e-06
social justice,1975,1.7699236423140974e-06
social justice,1976,1.767544176800584e-06
social justice,1977,1.6908055613384931e-06
social justice,1978,1.6983980231088935e-06
social justice,1979,1.5845699863348273e-06
social justice,1980,1.709574007691117e-06
social justice,1981,1.739016283863748e-06
social justice,1982,1.7654930388744106e-06
social justice,1983,1.7528004718769807e-06
social justice,1984,1.7834337313615833e-06
social justice,1985,1.7064566009139526e-06
social justice,1986,1.8427233499096474e-06
social justice,1987,1.8908665424532956e-06
social justice,1988,1.8840347593140905e-06
social justice,1989,1.9971587335021468e-06
social justice,1990,2.06728873308748e-06
social justice,1991,2.038695583905792e-06
social justice,1992,2.122341356880497e-06
social justice,1993,2.1940804799669422e-06
social justice,1994,2.1962725895718904e-06
social justice,1995,2.169366553061991e-06
social justice,1996,2.2636590983893257e-06
social justice,1997,2.5267727323807776e-06
social justice,1998,2.5856818410829874e-06
social justice,1999,2.7373268949304475e-06
social justice,2000,2.7549440346774645e-06
social justice,2001,2.7370288080419414e-06
social justice,2002,3.0923888516554143e-06
social justice,2003,3.1121785468712915e-06
social justice,2004,3.1908552955428604e-06
social justice,2005,3.816275238932576e-06
social justice,2006,3.7067870835016947e-06
social justice,2007,3.9505916902271565e-06
social justice,2008,3.935915628971998e-06
social justice,2009,4.142848410992883e-06
social justice,2010,4.087139586772537e-06
social justice,2011,3.714983222380397e-06
social justice,2012,3.715761067724088e-06
social justice,2013,4.466857717488892e-06
social justice,2014,4.180902124062413e-06
social justice,2015,4.880451342614833e-06
social justice,2016,5.595479251496727e-06
social justice,2017,5.037321443523979e-06
social justice,2018,4.640251972887199e-06
social justice,2019,5.2428317758312915e-06
equidad,1800,0.0
equidad,1801,0.0
equidad,1802,0.0
equidad,1803,0.0
equidad,1804,0.0
equidad,1805,0.0
equidad,1806,0.0
equidad,1807,0.0
equidad,1808,0.0
equidad,1809,1.809850713740957e-09
equidad,1810,0.0
equidad,1811,0.0
equidad,1812,0.0
equidad,1813,0.0
equidad,1814,0.0
equidad,1815,0.0
equidad,1816,0.0
equidad,1817,0.0
equidad,1818,0.0
equidad,1819,0.0
equidad,1820,0.0
equidad,1821,0.0
equidad,1822,0.0
equidad,1823,5.158892868450948e-09
equidad,1824,0.0
equidad,1825,0.0
equidad,1826,0.0
equidad,1827,9.388401167598204e-10
equidad,1828,0.0
equidad,1829,0.0
equidad,1830,0.0
equidad,1831,0.0
equidad,1832,0.0
equidad,1833,0.0
equidad,1834,0.0
equidad,1835,0.0
equidad,1836,0.0
equidad,1837,0.0
equidad,1838,0.0
equidad,1839,0.0
equidad,1840,0.0
equidad,1841,0.0
equidad,1842,0.0
equidad,1843,0.0
equidad,1844,4.898432770517047e-10
equidad,1845,1.7028323195944495e-09
equidad,1846,0.0
equidad,1847,0.0
equidad,1848,0.0
equidad,1849,9.130869949025566e-10
equidad,1850,0.0
equidad,1851,0.0
equidad,1852,3.7617675641143933e-10
equidad,1853,0.0
equidad,1854,0.0
equidad,1855,0.0
equidad,1856,2.0268924316724224e-09
equidad,1857,0.0
equidad,1858,6.61522037148643e-09
equidad,1859,5.2183746213074755e-09
equidad,1860,0.0
equidad,1861,4.032245926044453e-10
equidad,1862,0.0
equidad,1863,0.0
equidad,1864,0.0
equidad,1865,0.0
equidad,1866,6.683303355181636e-10
equidad,1867,0.0
equidad,1868,6.191717139003572e-10
equidad,1869,3.096773393274077e-10
equidad,1870,0.0
equidad,1871,9.410456858205407e-10
equidad,1872,0.0
equidad,1873,5.91310445052784e-10
equidad,1874,2.556291844868497e-09
equidad,1875,0.0
equidad,1876,0.0
equidad,1877,0.0
equidad,1878,0.0
equidad,1879,2.6832389088404796e-10
equidad,1880,0.0
equidad,1881,5.079950349262674e-10
equidad,1882,1.9551735785938718e-09
equidad,1883,1.8416542735266717e-09
equidad,1884,8.838366705177236e-10
equidad,1885,0.0
equidad,1886,4.047451263033963e-09
equidad,1887,8.543054041965092e-10
equidad,1888,2.0316294480071662e-10
equidad,1889,3.862406228183346e-10
equidad,1890,0.0
equidad,1891,0.0
equidad,1892,3.663925274288715e-10
equidad,1893,3.5413966203989844e-10
equidad,1894,1.79235362662844e-10
equidad,1895,3.146021498867668e-10
equidad,1896,0.0
equidad,1897,6.18569639954103e-10
equidad,1898,8.891907210539785e-10
equidad,1899,8.1397788509463e-10
equidad,1900,1.3003728649430002e-10
equidad,1901,3.1566793623483136e-09
equidad,1902,7.649840760848292e-10
equidad,1903,0.0
equidad,1904,2.399136167507976e-10
equidad,1905,0.0
equidad,1906,0.0
equidad,1907,1.1097617963473638e-10
equidad,1908,0.0
equidad,1909,2.1720980569739368e-10
equidad,1910,1.3331657999771096e-09
equidad,1911,7.685694303205537e-10
equidad,1912,5.788023949016008e-10
equidad,1913,0.0
equidad,1914,1.9569104114935953e-09
equidad,1915,1.614380074066446e-09
equidad,1916,2.2018795675649017e-09
equidad,1917,4.0926170785660076e-10
equidad,1918,2.5661344160710087e-09
equidad,1919,1.1589934567624027e-09
equidad,1920,0.0
equidad,1921,0.0
equidad,1922,9.944022688612719e-11
equidad,1923,1.624115841813989e-10
equidad,1924,3.935625159101619e-10
equidad,1925,0.0
equidad,1926,1.7187411216479376e-10
equidad,1927,5.128521496367e-10
equidad,1928,1.6103622602070544e-10
equidad,1929,9.627644237397703e-10
equidad,1930,3.1833730096408885e-10
equidad,1931,2.873995263996676e-09
equidad,1932,1.7700058085878823e-10
equidad,1933,5.717752382672359e-10
equidad,1934,1.836310686842424e-10
equidad,1935,1.4895245037394034e-09
equidad,1936,1.6217011067354292e-10
equidad,1937,0.0
equidad,1938,1.5555633170460936e-10
equidad,1939,5.862481056162494e-10
equidad,1940,1.2567753504555412e-09
equidad,1941,4.56797266679132e-10
equidad,1942,6.970327093291928e-10
equidad,1943,7.222113462823643e-10
equidad,1944,0.0
equidad,1945,5.23068977020813e-10
equidad,1946,0.0
equidad,1947,1.5935910369080375e-09
equidad,1948,7.883156349919318e-10
equidad,1949,1.969224339148923e-09
equidad,1950,4.6359532879236554e-10
equidad,1951,9.575999992961215e-10
equidad,1952,1.1904313645949571e-10
equidad,1953,4.737593095605064e-10
equidad,1954,1.2742805699517135e-09
equidad,1955,2.0859651783666777e-09
equidad,1956,1.2080711986328652e-09
equidad,1957,7.112818112275932e-10
equidad,1958,4.058390568051351e-10
equidad,1959,3.7710415345948434e-10
equidad,1960,1.7841216282121763e-09
equidad,1961,4.165632838670774e-10
equidad,1962,1.0277484419063398e-09
equidad,1963,6.670352603599383e-10
equidad,1964,5.515228829189311e-10
equidad,1965,1.4282458549175203e-09
equidad,1966,4.852889756712386e-10
equidad,1967,8.183912436621199e-10
equidad,1968,8.021724395845808e-10
equidad,1969,4.3086051393359526e-10
equidad,1970,3.0956376351198855e-10
equidad,1971,1.3019115785439794e-09
equidad,1972,3.141910065451725e-10
equidad,1973,2.3940760485174906e-09
equidad,1974,5.6390675462481e-10
equidad,1975,3.652086966177137e-10
equidad,1976,5.200080921419215e-10
equidad,1977,1.7680081842996742e-09
equidad,1978,1.475929045646751e-09
equidad,1979,7.313152305954418e-10
equidad,1980,7.865882389879175e-10
equidad,1981,9.710314774480366e-10
equidad,1982,6.258329410258057e-10
equidad,1983,7.131513157787595e-10
equidad,1984,6.94311663718139e-10
equidad,1985,2.075218663577516e-09
equidad,1986,9.327156824667782e-10
equidad,1987,1.131991389513587e-09
equidad,1988,1.8736254769891048e-09
equidad,1989,1.5958762089596235e-09
equidad,1990,2.855548686397924e-09
equidad,1991,6.647221884037435e-09
equidad,1992,9.638765341435374e-09
equidad,1993,6.291301701821794e-09
equidad,1994,8.967051101649304e-09
equidad,1995,7.259437051487794e-09
equidad,1996,6.1321738797914804e-09
equidad,1997,6.145457920325725e-09
equidad,1998,4.426282007585769e-09
equidad,1999,1.1028568280835316e-08
equidad,2000,8.577013765886932e-09
equidad,2001,1.0556017393525963e-08
equidad,2002,8.541609197720845e-09
equidad,2003,1.1449306391853042e-08
equidad,2004,1.2387793901780242e-08
equidad,2005,8.042093213589396e-09
equidad,2006,8.196280099070918e-09
equidad,2007,1.066839860897062e-08
equidad,2008,8.868939360695549e-09
equidad,2009,9.510864984463296e-09
equidad,2010,6.687482567713232e-09
equidad,2011,9.629764541330132e-09
equidad,2012,1.3039298529804455e-08
equidad,2013,7.10700343020676e-09
equidad,2014,6.596846180428884e-09
equidad,2015,8.186001210219729e-09
equidad,2016,7.453974326665502e-09
equidad,2017,1.1711220437859993e-08
equidad,2018,1.5738084613303727e-08
equidad,2019,1.6472334607442463e-08
justicia social,1800,0.0
justicia social,1801,0.0
justicia social,1802,0.0
justicia social,1803,0.0
justicia social,1804,0.0
justicia social,1805,0.0
justicia social,1806,0.0
justicia social,1807,0.0
justicia social,1808,0.0
justicia social,1809,0.0
justicia social,1810,0.0
justicia social,1811,0.0
justicia social,1812,0.0
justicia social,1813,0.0
justicia social,1814,0.0
justicia social,1815,0.0
justicia social,1816,0.0
justicia social,1817,0.0
justicia social,1818,0.0
justicia social,1819,0.0
justicia social,1820,0.0
justicia social,1821,0.0
justicia social,1822,0.0
justicia social,1823,0.0
justicia social,1824,0.0
justicia social,1825,0.0
justicia social,1826,0.0
justicia social,1827,0.0
justicia social,1828,0.0
justicia social,1829,0.0
justicia social,1830,0.0
justicia social,1831,0.0
justicia social,1832,0.0
justicia social,1833,0.0
justicia social,1834,0.0
justicia social,1835,0.0
justicia social,1836,0.0
justicia social,1837,0.0
justicia social,1838,0.0
justicia social,1839,0.0
justicia social,1840,0.0
justicia social,1841,0.0
justicia social,1842,0.0
justicia social,1843,0.0
justicia social,1844,0.0
justicia social,1845,0.0
justicia social,1846,0.0
justicia social,1847,0.0
justicia social,1848,0.0
justicia social,1849,0.0
justicia social,1850,0.0
justicia social,1851,0.0
justicia social,1852,0.0
justicia social,1853,0.0
justicia social,1854,0.0
justicia social,1855,0.0
justicia social,1856,0.0
justicia social,1857,0.0
justicia social,1858,0.0
justicia social,1859,0.0
justicia social,1860,0.0
justicia social,1861,0.0
justicia social,1862,0.0
justicia social,1863,0.0
justicia social,1864,0.0
justicia social,1865,0.0
justicia social,1866,0.0
justicia social,1867,0.0
justicia social,1868,0.0
justicia social,1869,0.0
justicia social,1870,0.0
justicia social,1871,0.0
justicia social,1872,0.0
justicia social,1873,0.0
justicia social,1874,0.0
justicia social,1875,0.0
justicia social,1876,0.0
justicia social,1877,0.0
justicia social,1878,0.0
justicia social,1879,0.0
justicia social,1880,0.0
justicia social,1881,0.0
justicia social,1882,0.0
justicia social,1883,0.0
justicia social,1884,0.0
justicia social,1885,0.0
justicia social,1886,0.0
justicia social,1887,0.0
justicia social,1888,0.0
justicia social,1889,0.0
justicia social,1890,0.0
justicia social,1891,0.0
justicia social,1892,0.0
justicia social,1893,0.0
justicia social,1894,0.0
justicia social,1895,0.0
justicia social,1896,0.0
justicia social,1897,0.0
justicia social,1898,0.0
justicia social,1899,0.0
justicia social,1900,0.0
justicia social,1901,0.0
justicia social,1902,0.0
justicia social,1903,0.0
justicia social,1904,0.0
justicia social,1905,0.0
justicia social,1906,0.0
justicia social,1907,0.0
justicia social,1908,0.0
justicia social,1909,0.0
justicia social,1910,0.0
justicia social,1911,0.0
justicia social,1912,0.0
justicia social,1913,0.0
justicia social,1914,0.0
justicia social,1915,0.0
justicia social,1916,0.0
justicia social,1917,0.0
justicia social,1918,0.0
justicia social,1919,0.0
justicia social,1920,0.0
justicia social,1921,0.0
justicia social,1922,0.0
justicia social,1923,0.0
justicia social,1924,0.0
justicia social,1925,0.0
justicia social,1926,0.0
justicia social,1927,0.0
justicia social,1928,0.0
justicia social,1929,1.5233041217310728e-10
justicia social,1930,0.0
justicia social,1931,0.0
justicia social,1932,1.681008943155149e-10
justicia social,1933,0.0
justicia social,1934,0.0
justicia social,1935,4.717681245658412e-10
justicia social,1936,4.621610316668523e-10
justicia social,1937,0.0
justicia social,1938,0.0
justicia social,1939,2.7851546069435074e-10
justicia social,1940,5.968111560505918e-10
justicia social,1941,1.012445904891024e-09
justicia social,1942,1.656292047957919e-10
justicia social,1943,0.0
justicia social,1944,0.0
justicia social,1945,4.976493106489954e-10
justicia social,1946,5.712639250532447e-10
justicia social,1947,1.2635635593394312e-10
justicia social,1948,3.746817023309035e-10
justicia social,1949,6.608261715612684e-10
justicia social,1950,2.2039198244172553e-10
justicia social,1951,0.0
justicia social,1952,2.2636570395917488e-10
justicia social,1953,1.1258132204261528e-09
justicia social,1954,2.2030691160246363e-10
justicia social,1955,5.218893650571488e-10
justicia social,1956,6.264531671185125e-10
justicia social,1957,1.4493013456018389e-09
justicia social,1958,9.648638832349121e-11
justicia social,1959,2.6911273209861974e-10
justicia social,1960,8.485817604153567e-11
justicia social,1961,2.377665841990506e-10
justicia social,1962,7.52361645206534e-11
justicia social,1963,4.935306607833922e-10
justicia social,1964,1.199106369753622e-09
justicia social,1965,2.717658875717177e-10
justicia social,1966,2.6391500096423215e-10
justicia social,1967,6.5921851311046e-10
justicia social,1968,4.110382589850303e-10
justicia social,1969,1.4063441522438325e-09
justicia social,1970,6.481766234855968e-10
justicia social,1971,1.121393644609725e-09
justicia social,1972,1.1366697583170549e-09
justicia social,1973,8.763177961057522e-10
justicia social,1974,2.087759076729867e-09
justicia social,1975,3.4771427404045596e-10
justicia social,1976,8.800319362123332e-10
justicia social,1977,1.1941100330759014e-09
justicia social,1978,5.397737257162305e-10
justicia social,1979,8.026390663218308e-10
justicia social,1980,1.603577548525692e-10
justicia social,1981,7.063208906643581e-10
justicia social,1982,1.2446006447675018e-09
justicia social,1983,1.148008577089854e-09
justicia social,1984,1.4224795785722222e-09
justicia social,1985,8.387960326317057e-10
justicia social,1986,1.084099809922634e-09
justicia social,1987,2.1534949379287127e-09
justicia social,1988,1.011730366151653e-09
justicia social,1989,1.5637295902592996e-09
justicia social,1990,1.3806270571237178e-09
justicia social,1991,1.2001558635788001e-09
justicia social,1992,8.861735789622571e-10
justicia social,1993,2.749529715018184e-09
justicia social,1994,1.1381464659621088e-09
justicia social,1995,6.782979733443995e-10
justicia social,1996,1.287559947549255e-09
justicia social,1997,1.4303713768981652e-09
justicia social,1998,1.4054238883787207e-09
justicia social,1999,6.302364186083764e-10
justicia social,2000,1.4184933228023056e-09
justicia social,2001,1.501661794911513e-09
justicia social,2002,1.6985191031437807e-09
justicia social,2003,8.653305294537006e-10
justicia social,2004,1.4201114728606967e-09
justicia social,2005,1.3247226648971377e-09
justicia social,2006,1.6514366540931746e-09
justicia social,2007,1.3799841269701574e-09
justicia social,2008,2.650693442518559e-09
justicia social,2009,9.948133428139272e-10
justicia social,2010,1.788134751379289e-09
justicia social,2011,1.7258022788624316e-09
justicia social,2012,3.0667439698817134e-09
justicia social,2013,1.0367293690194401e-09
justicia social,2014,1.8211115948574275e-09
justicia social,2015,3.1617655160687264e-09
justicia social,2016,1.8173851312752731e-09
justicia social,2017,2.005399402094099e-09
justicia social,2018,2.5312898443985432e-09
justicia social,2019,2.748513860950652e-09
